JOINT,MEMBER,GRUP,TOP,TOP-LEFT,LEFT,BOT-LEFT,BOT,BOT-RIGHT,RIGHT,TOP-RIGHT,MAX_DAMAGE,CRITICAL_LOCATION,UNIQUE_KEY
404L,0426 J491,24B,0.000172896,0.131332,0.873655,0.25948,0.0010671,0.250127,1.23441,0.320584,1.23441,RIGHT,404L_0426 J491_24B
401L,0002 J403,12A,0.116504,0.0932054,0.230672,0.613345,0.5446,0.397097,0.10182,0.0731532,0.613345,BOT-LEFT,401L_0002 J403_12A
402L,0077 J411,24B,0.37082,0.14262,0.00338668,0.10099,0.415522,0.163792,0.00241275,0.092406,0.415522,BOT,402L_0077 J411_24B
406L,0139 J455,24B,0.402338,0.112739,0.000941699,0.125141,0.406787,0.157317,0.0103636,0.136144,0.406787,BOT,406L_0139 J455_24B
402L,0077 J409,12A,0.203274,0.0852157,0.0535122,0.253233,0.361651,0.205852,0.0623676,0.126315,0.361651,BOT,402L_0077 J409_12A
405L,0086 J464,24B,0.314963,0.212375,0.0158643,0.0510137,0.273908,0.150803,0.00196444,0.0412415,0.314963,TOP,405L_0086 J464_24B
406L,0139 J457,12A,0.310848,0.251288,0.094592,0.196304,0.303063,0.195586,0.0433903,0.130146,0.310848,TOP,406L_0139 J457_12A
405L,0086 J463,12A,0.20973,0.114508,0.0461989,0.169817,0.308498,0.277553,0.104246,0.129063,0.308498,BOT,405L_0086 J463_12A
403L,0080 J493,24I,0.000515033,0.0433013,0.203939,0.0485049,0.000616539,0.0686457,0.260172,0.0502331,0.260172,RIGHT,403L_0080 J493_24I
401L,0002 J402,24B,0.259903,0.0214817,0.00319389,0.182657,0.25642,0.0334442,0.0179675,0.244369,0.259903,TOP,401L_0002 J402_24B
407L,0126 J473,24B,0.000133898,0.0498925,0.255903,0.0691749,0.000751928,0.0429192,0.155808,0.0303117,0.255903,LEFT,407L_0126 J473_24B
403L,0587 J492,18B,0.00617097,0.0536159,0.140174,0.0256626,0.000440589,0.0185955,0.0969465,0.0491023,0.140174,LEFT,403L_0587 J492_18B
402L,0077 J467,18A,0.0119516,0.0280813,0.0898719,0.0691047,0.0176075,0.0315953,0.0453709,0.0259142,0.0898719,LEFT,402L_0077 J467_18A
402L,0575 403L,18A,0.003204,0.0296156,0.0524596,0.00595155,9.61706e-05,0.0104277,0.0865135,0.041569,0.0865135,RIGHT,402L_0575 403L_18A
407L,0126 406L,18A,0.00110008,0.00441358,0.0324273,0.0143221,0.00403755,0.0376128,0.0770402,0.021404,0.0770402,RIGHT,407L_0126 406L_18A
406L,0139 407L,18A,0.000169512,0.00967757,0.0740749,0.0371416,0.00302032,0.0340063,0.0664543,0.00843482,0.0740749,LEFT,406L_0139 407L_18A
0104,107L J133,14A,3.89589e-08,6.50791e-05,0.000272658,3.19891e-05,2.62613e-07,0.0159192,0.0724022,0.013748,0.0724022,RIGHT,0104_107L J133_14A
403L,0587 402L,18A,0.00430801,0.0163724,0.0352864,0.00422287,0.000494724,0.017027,0.0713991,0.0363544,0.0713991,RIGHT,403L_0587 402L_18A
307L,0288 308L,24B,0.000369626,0.00480623,0.0300545,0.0205898,0.00882171,0.0465349,0.0709051,0.0112761,0.0709051,RIGHT,307L_0288 308L_24B
407L,0126 J466,18A,0.00179272,0.0139195,0.0332287,0.012241,0.00285684,0.0332177,0.0612902,0.00992794,0.0612902,RIGHT,407L_0126 J466_18A
0110,0110 J576,24B,0.00131565,0.0165427,0.035197,0.00480634,4.78383e-06,0.0079761,0.0605891,0.0247755,0.0605891,RIGHT,0110_0110 J576_24B
0019,0019 J111,30F,0.00071022,0.000405268,0.000372472,4.62314e-05,2.78881e-05,0.0101981,0.0576095,0.0238159,0.0576095,RIGHT,0019_0019 J111_30F
407L,0126 408L,18B,0.000662735,0.0107122,0.0557238,0.0336948,0.00810697,0.0355229,0.0543746,0.0106963,0.0557238,LEFT,407L_0126 408L_18B
404L,0426 J492,18B,0.000821447,0.010732,0.0513544,0.0206105,0.00464874,0.0176956,0.0332225,0.00924989,0.0513544,LEFT,404L_0426 J492_18B
301L,201L 301L,51C,0.0211568,0.0336426,0.0506491,0.0440296,0.0324213,0.034267,0.0342332,0.0253442,0.0506491,LEFT,301L_201L 301L_51C
201L,0023 201L,51G,0.0173649,0.0318269,0.0490006,0.0353707,0.0208155,0.0257172,0.0317275,0.022594,0.0490006,LEFT,201L_0023 201L_51G
408L,0431 407L,18B,0.00147952,0.0103462,0.0479464,0.0188554,0.0043692,0.0162329,0.0264588,0.0100979,0.0479464,LEFT,408L_0431 407L_18B
401L,301L 302L,24B,0.00698141,0.0091017,0.0121757,0.0051463,0.00262136,0.0156254,0.046422,0.0277102,0.046422,RIGHT,401L_301L 302L_24B
0105,103L J102,14A,7.63207e-08,0.00873825,0.0450782,0.0109081,5.68307e-07,5.65405e-05,0.000607127,0.000161806,0.0450782,LEFT,0105_103L J102_14A
206L,0053,206L,0.0190553,0.0296709,0.0435157,0.0329072,0.0225665,0.0332719,0.0442469,0.0299743,0.0442469,RIGHT,206L_0053_206L
408L,308L 307L,24B,0.00323703,0.00245257,0.00627635,0.00469589,0.00263108,0.0124703,0.0410271,0.0232638,0.0410271,RIGHT,408L_308L 307L_24B
407P,407P-507P,PI5,0.000374611,0.00752863,0.0408306,0.0178794,0.00104164,0.00787983,0.0238449,0.00610415,0.0408306,LEFT,407P_407P-507P_PI5
401L,0002 J400,18B,0.00994757,0.00846565,0.00340946,0.00647885,0.034846,0.039486,0.00864709,0.00326536,0.039486,BOT-RIGHT,401L_0002 J400_18B
401L,301L 401L,51A,0.0118658,0.023137,0.039225,0.0269025,0.014551,0.0198263,0.0262903,0.0178522,0.039225,LEFT,401L_301L 401L_51A
501L,0002 501L,52A,0.00222356,0.0178177,0.0380824,0.00814649,0.000908627,0.0100887,0.0322079,0.0125275,0.0380824,LEFT,501L_0002 501L_52A
405L,305L 405L,51A,0.0121868,0.0240779,0.0374553,0.0243185,0.0129027,0.0189352,0.0270438,0.017767,0.0374553,LEFT,405L_305L 405L_51A
205L,0054 205L,51G,0.015281,0.01998,0.0279537,0.0238282,0.0196815,0.0292866,0.0372753,0.0254301,0.0372753,RIGHT,205L_0054 205L_51G
305L,205L 305L,51C,0.0192074,0.0256141,0.0357279,0.0346072,0.0298565,0.0342436,0.0363863,0.0260747,0.0363863,RIGHT,305L_205L 305L_51C
303L,0586 304L,24B,0.00398174,0.00670582,0.0103831,0.00195284,0.000207046,0.00587198,0.0353432,0.0234763,0.0353432,RIGHT,303L_0586 304L_24B
306L,0326 306L,B32,0.0128261,0.0227297,0.0352701,0.0245095,0.0153906,0.0235195,0.0320313,0.020812,0.0352701,LEFT,306L_0326 306L_B32
305L,305L 405L,51A,0.00918271,0.00309614,0.00181875,0.00213011,0.00685603,0.0217593,0.0338592,0.0244619,0.0338592,RIGHT,305L_305L 405L_51A
505L,A068 505L,52A,0.00240674,0.00679303,0.0131931,0.00475716,0.000841414,0.00710581,0.0319875,0.0161935,0.0319875,RIGHT,505L_A068 505L_52A
308L,408L 307L,24B,0.00799177,0.00292647,0.00306711,0.0015843,0.00252666,0.0131352,0.0302898,0.0245402,0.0302898,RIGHT,308L_408L 307L_24B
0075,0098 J140,14A,0.00265008,0.0142398,0.0283986,0.00701884,0.000242453,0.0034108,0.0137279,0.00758548,0.0283986,LEFT,0075_0098 J140_14A
405L,305L 306L,24B,0.0110962,0.0202037,0.0283407,0.0104297,0.001749,0.00542117,0.0237918,0.0228499,0.0283407,LEFT,405L_305L 306L_24B
301L,301L 401L,51A,0.00633105,0.0181154,0.0277267,0.0199108,0.00663311,0.00163131,0.00103531,0.00178028,0.0277267,LEFT,301L_301L 401L_51A
208L,0039 208L,51G,0.014499,0.0128548,0.0112675,0.00534,0.00338302,0.0110409,0.027702,0.026498,0.027702,RIGHT,208L_0039 208L_51G
304L,304L 404L,51A,0.00120472,0.000355905,0.000872848,0.000276778,0.000678403,0.0112667,0.0270815,0.0134027,0.0270815,RIGHT,304L_304L 404L_51A
201L,301L J262,12A,0.000415286,0.00719766,0.0269057,0.00963946,0.000799288,0.00622188,0.0172045,0.00479651,0.0269057,LEFT,201L_301L J262_12A
405L,0086 J465,18B,0.0126704,0.00371,0.00541829,0.0267469,0.0265593,0.00521761,0.00251064,0.00846348,0.0267469,BOT-LEFT,405L_0086 J465_18B
308L,308L 408L,51A,0.000997425,0.0123485,0.0267105,0.0128222,0.00101623,0.00062153,0.00142405,0.00044746,0.0267105,LEFT,308L_308L 408L_51A
402L,0575 J400,18B,0.0227339,0.0111385,0.0060122,0.00780652,0.00682995,0.00151886,0.00719892,0.0261084,0.0261084,TOP-RIGHT,402L_0575 J400_18B
0104,J162 J123,14A,0.000943357,0.00260677,0.00193271,6.75695e-05,7.70977e-07,0.00103158,0.0251179,0.0181672,0.0251179,RIGHT,0104_J162 J123_14A
406L,0143 406L,B21,0.0060525,0.0129935,0.0239739,0.0135424,0.00614295,0.013022,0.0228385,0.0136276,0.0239739,LEFT,406L_0143 406L_B21
301L,401L J302,12A,0.000484819,0.00459108,0.0237383,0.0182091,0.00501165,0.0124154,0.0144366,0.00288492,0.0237383,LEFT,301L_401L J302_12A
207L,0052,207L,0.00962733,0.0154595,0.0228689,0.0167234,0.0110667,0.0168691,0.0229361,0.0154722,0.0229361,RIGHT,207L_0052_207L
507L,0142 507L,52A,0.00124384,0.00979313,0.0224365,0.00449382,0.000166263,0.00384715,0.0167203,0.00637619,0.0224365,LEFT,507L_0142 507L_52A
406L,0139 J465,18B,0.00715494,0.00392808,0.00220361,0.00770872,0.0224152,0.0185379,0.00340636,0.00119451,0.0224152,BOT,406L_0139 J465_18B
404L,304L 303L,24B,0.00302549,0.0151761,0.0216671,0.00684532,0.00133025,0.0038644,0.00837536,0.00389823,0.0216671,LEFT,404L_304L 303L_24B
507L,0142 J578,18A,0.000264938,0.00401505,0.0101236,0.00149078,6.60612e-06,0.00258416,0.020182,0.00824206,0.020182,RIGHT,507L_0142 J578_18A
205L,205L 305L,51C,0.00513963,0.00370634,0.00454984,0.00639907,0.0117258,0.0195469,0.0200912,0.0118662,0.0200912,RIGHT,205L_205L 305L_51C
304L,404L 303L,24B,0.00490377,0.016102,0.0192435,0.00776855,0.001252,0.000790691,0.00169862,0.00168515,0.0192435,LEFT,304L_404L 303L_24B
0015,0015 J120,30F,0.000336315,0.00849539,0.0188752,0.00369231,1.46955e-05,3.26334e-05,0.000230717,0.000224798,0.0188752,LEFT,0015_0015 J120_30F
306L,0290 405L,24B,0.00201372,0.0053587,0.0128363,0.00653795,0.00308394,0.0110803,0.0188197,0.00843173,0.0188197,RIGHT,306L_0290 405L_24B
407L,0126,508L,0.00709227,0.00875642,0.0111079,0.00652592,0.00369597,0.00901055,0.0183774,0.0131028,0.0183774,RIGHT,407L_0126_508L
305L,405L J359,24B,0.0039457,0.00128636,0.000781633,0.000827422,0.00299044,0.0110778,0.018346,0.012524,0.018346,RIGHT,305L_405L J359_24B
201L,201L 301L,51C,0.00391712,0.0100202,0.0178951,0.016755,0.00879463,0.00402163,0.00256215,0.00229757,0.0178951,LEFT,201L_201L 301L_51C
307L,0325 307L,B32,0.00597654,0.00893752,0.0137894,0.0103263,0.00754745,0.0126745,0.0172623,0.0108884,0.0172623,RIGHT,307L_0325 307L_B32
301L,201L J205,24B,0.00539087,0.0095578,0.0166604,0.0155055,0.0117402,0.011883,0.0107099,0.00696286,0.0166604,LEFT,301L_201L J205_24B
207L,0052 208L,24A,0.00865404,0.0163556,0.0154942,0.00361922,0.000540999,0.00118226,0.00448637,0.00717526,0.0163556,TOP-LEFT,207L_0052 208L_24A
202L,0580 202L,51M,0.00841945,0.00970783,0.0109817,0.00756319,0.0058115,0.0102215,0.0159776,0.0127716,0.0159776,RIGHT,202L_0580 202L_51M
401L,301L J358,24B,0.00570046,0.00965421,0.0157155,0.0124979,0.00776117,0.00863791,0.00987639,0.00751962,0.0157155,LEFT,401L_301L J358_24B
507L,0142 J569,18A,7.80016e-05,0.00395888,0.0156251,0.00384896,3.89472e-05,0.00116429,0.00514133,0.00151472,0.0156251,LEFT,507L_0142 J569_18A
301L,401L J301,24B,0.00282701,0.00966628,0.0154463,0.010488,0.00304323,0.000617346,0.000410529,0.000709712,0.0154463,LEFT,301L_401L J301_24B
502L,0077 502L,52A,0.000859967,0.0048917,0.0108435,0.00239489,0.000338419,0.00421986,0.0147371,0.00622305,0.0147371,RIGHT,502L_0077 502L_52A
405L,305L J358,24B,0.00566241,0.0101527,0.0147303,0.01011,0.00607899,0.00834373,0.0109357,0.00748393,0.0147303,LEFT,405L_305L J358_24B
508L,0433 508L,52A,0.000500517,0.00483427,0.0139679,0.00334157,0.000116905,0.0031235,0.0144108,0.00515782,0.0144108,RIGHT,508L_0433 508L_52A
502L,502L 602L,52A,7.59773e-05,0.000147483,0.00382252,0.00659458,0.00243742,0.0142022,0.012329,0.000506887,0.0142022,BOT-RIGHT,502L_502L 602L_52A
403L,0080,504L,0.00624919,0.0130166,0.0130023,0.0046308,0.00338184,0.010744,0.0141246,0.00687669,0.0141246,RIGHT,403L_0080_504L
308L,208L 207L,24A,0.00463775,0.00233941,0.00214643,0.00149901,0.00168006,0.00569443,0.0138483,0.0117949,0.0138483,RIGHT,308L_208L 207L_24A
505L,505L 605L,52A,2.82794e-05,0.00236534,0.0129619,0.00509047,0.00023506,0.00165165,0.00255375,0.00027447,0.0129619,LEFT,505L_505L 605L_52A
305L,205L J205,24B,0.00486858,0.00688215,0.0112316,0.0122763,0.0112648,0.0128858,0.0128138,0.00783566,0.0128858,BOT-RIGHT,305L_205L J205_24B
0123,0123 206L,24B,4.29685e-07,0.00176667,0.0127637,0.00766666,0.000304271,3.40433e-05,0.00055825,0.000150973,0.0127637,LEFT,0123_0123 206L_24B
305L,405L J356,12A,0.000828938,0.00238127,0.00753149,0.00625822,0.00257507,0.00862086,0.012725,0.00421371,0.012725,RIGHT,305L_405L J356_12A
508L,0433,407L,0.00149542,0.0031659,0.00551367,0.00230026,0.0005918,0.00306065,0.0126019,0.00784435,0.0126019,RIGHT,508L_0433_407L
205L,305L J208,12A,0.000187643,0.00298895,0.0110841,0.00454531,0.000548048,0.00505982,0.0124372,0.00324532,0.0124372,RIGHT,205L_305L J208_12A
502L,602L J512,24B,0.000130545,0.000106046,0.00269445,0.00586971,0.00264736,0.012425,0.00894115,0.000319108,0.012425,BOT-RIGHT,502L_602L J512_24B
0099,0159 J182,18A,0.00122616,0.00193705,0.00200563,0.000326044,4.7637e-05,0.00278353,0.0122574,0.00701435,0.0122574,RIGHT,0099_0159 J182_18A
208L,308L 207L,24A,0.00799145,0.00361765,0.00148774,0.000734697,0.00101807,0.00361173,0.0094942,0.0121815,0.0121815,TOP-RIGHT,208L_308L 207L_24A
402L,0575 402L,51I,0.00721456,0.00990227,0.0111015,0.00594975,0.00325469,0.00614897,0.0118175,0.0102113,0.0118175,RIGHT,402L_0575 402L_51I
501L,501L 601L,52A,1.35619e-05,0.000316156,0.00413865,0.00281842,0.00032664,0.00557633,0.0117052,0.00163137,0.0117052,RIGHT,501L_501L 601L_52A
407L,0125 407L,B21,0.00142024,0.00562939,0.0111295,0.00522817,0.00163544,0.00276249,0.0044547,0.00227617,0.0111295,LEFT,407L_0125 407L_B21
704L,804L 604L,PE7,0.00395237,0.00146552,1.81051e-05,0.00137127,0.0110812,0.00373033,2.80477e-05,0.00045506,0.0110812,BOT,704L_804L 604L_PE7
406L,0139,505L,0.00270686,0.00456501,0.00819917,0.00479753,0.00211001,0.00605485,0.0109466,0.00560145,0.0109466,RIGHT,406L_0139_505L
208L,208L 308L,51C,0.000555005,0.00481252,0.0109298,0.00754374,0.00155289,0.000246308,0.000138971,8.85393e-05,0.0109298,LEFT,208L_208L 308L_51C
204L,0036 204L,51G,0.0029315,0.00295624,0.00382244,0.00298179,0.00291722,0.00688334,0.0109139,0.00696249,0.0109139,RIGHT,204L_0036 204L_51G
205L,305L J204,24B,0.00199233,0.00151263,0.00205801,0.0028755,0.00566215,0.0104388,0.0107327,0.00563723,0.0107327,RIGHT,205L_305L J204_24B
302L,0579 401L,24B,0.00180246,0.00553383,0.0106546,0.00492511,0.0022873,0.00635475,0.00902688,0.00413734,0.0106546,LEFT,302L_0579 401L_24B
306L,0326 J235,24B,0.00443439,0.00715303,0.0105073,0.00808807,0.00601041,0.00801071,0.00957054,0.00643545,0.0105073,LEFT,306L_0326 J235_24B
204L,304L 203L,24A,0.00622605,0.0104184,0.00836596,0.00307446,0.000727782,0.000429995,0.000845781,0.0023561,0.0104184,TOP-LEFT,204L_304L 203L_24A
203L,0586 204L,24A,0.000242227,0.00224003,0.0103908,0.00935358,0.00370387,0.00293692,0.00191942,0.000476017,0.0103908,LEFT,203L_0586 204L_24A
308L,208L 308L,51C,0.00362991,0.00707666,0.00971205,0.00657446,0.003339,0.00275446,0.00292739,0.0028116,0.00971205,LEFT,308L_208L 308L_51C
204L,204L 304L,51C,0.000554039,6.71693e-05,6.19563e-05,0.000113292,0.0010346,0.0061236,0.00970824,0.00458351,0.00970824,RIGHT,204L_204L 304L_51C
303L,0586 404L,24B,0.000634886,0.00411023,0.0096952,0.00456768,0.00122931,0.00266657,0.00384612,0.00116813,0.0096952,LEFT,303L_0586 404L_24B
201L,301L J206,24B,0.00157581,0.00486871,0.00961243,0.00898787,0.00428882,0.00179977,0.00112265,0.000922087,0.00961243,LEFT,201L_301L J206_24B
402L,0077,501L,0.00343663,0.00669032,0.00918129,0.00424617,0.00223919,0.00599844,0.00958674,0.00526064,0.00958674,RIGHT,402L_0077_501L
407L,0126,506L,0.00282053,0.00679376,0.00923464,0.00450514,0.00264732,0.0045545,0.00507215,0.00274662,0.00923464,LEFT,407L_0126_506L
505L,605L J558,24B,3.77673e-05,0.00171157,0.00908256,0.0039217,0.000293581,0.001345,0.00176908,0.000210296,0.00908256,LEFT,505L_605L J558_24B
406L,0143 J329,24B,0.00391899,0.00589061,0.0090768,0.0063127,0.00378587,0.00577141,0.00880985,0.00655177,0.0090768,LEFT,406L_0143 J329_24B
307L,0288 408L,24B,0.00330424,0.00614365,0.00902569,0.00332267,0.000851033,0.00250216,0.00770403,0.00629094,0.00902569,LEFT,307L_0288 408L_24B
501L,601L J503,24B,2.01497e-05,0.000226217,0.00306344,0.00239307,0.000345518,0.00459021,0.00886673,0.00120871,0.00886673,RIGHT,501L_601L J503_24B
403L,0080,502L,0.00302507,0.00261166,0.00439422,0.00413194,0.00303658,0.00520079,0.00873032,0.00609104,0.00873032,RIGHT,403L_0080_502L
305L,405L J360,24B,0.004913,0.00868115,0.00684706,0.00243395,0.000450069,0.000141268,0.000390891,0.00158962,0.00868115,TOP-LEFT,305L_405L J360_24B
407L,0125 306L,24A,0.00156342,0.000571716,0.000552624,0.000577925,0.000654795,0.00244479,0.00839262,0.00646416,0.00839262,RIGHT,407L_0125 306L_24A
306L,0290 J360,24B,0.00015725,0.00184733,0.00774211,0.00823762,0.00453478,0.0037214,0.00178669,0.000260437,0.00823762,BOT-LEFT,306L_0290 J360_24B
508L,508L 608L,52A,0.00139738,0.000234606,0.00302618,0.00819808,0.0019245,0.000234057,0.00178599,0.00473352,0.00819808,BOT-LEFT,508L_508L 608L_52A
508L,608L J585,24B,0.00182538,0.000215031,0.00224509,0.00801332,0.00245624,0.000237197,0.00138566,0.00486694,0.00801332,BOT-LEFT,508L_608L J585_24B
408L,308L 408L,51A,0.00222801,0.00529799,0.00782302,0.00427063,0.00183924,0.00202529,0.00263923,0.00212103,0.00782302,LEFT,408L_308L 408L_51A
304L,204L 203L,24A,0.00350905,0.00734091,0.00775911,0.00300309,0.000809496,0.000987051,0.00183463,0.00213372,0.00775911,LEFT,304L_204L 203L_24A
203L,0588 203L,51M,0.00406315,0.00488101,0.00558591,0.00367967,0.00267618,0.00482746,0.00773337,0.00617272,0.00773337,RIGHT,203L_0588 203L_51M
304L,204L 304L,51C,0.00419724,0.00410655,0.00426489,0.00334307,0.00314177,0.00522627,0.00757172,0.0062659,0.00757172,RIGHT,304L_204L 304L_51C
301L,201L 202L,24A,0.00261716,0.00338275,0.00391469,0.00161409,0.000510833,0.00202473,0.00733482,0.00596149,0.00733482,RIGHT,301L_201L 202L_24A
708L,0138 608L,PE7,0.00500865,0.000529133,3.89444e-05,0.0028828,0.00722145,0.000838851,2.86129e-05,0.00199101,0.00722145,BOT,708L_0138 608L_PE7
506L,A047 506L,52A,0.000906643,0.00353788,0.00721876,0.00235161,0.000358524,0.00172606,0.00705957,0.00387226,0.00721876,LEFT,506L_A047 506L_52A
101L,0023 J111,30B,2.40166e-06,0.00136605,0.00714177,0.00184543,9.56453e-06,0.000943891,0.00365564,0.0006546,0.00714177,LEFT,101L_0023 J111_30B
201L,0023,J116,0.00190019,0.00408803,0.00703416,0.00494763,0.0026675,0.0032773,0.00396759,0.00257339,0.00703416,LEFT,201L_0023_J116
302L,0579 302L,51K,0.00289557,0.00608537,0.00697947,0.00184501,9.91888e-05,0.000274413,0.00244516,0.00289377,0.00697947,LEFT,302L_0579 302L_51K
205L,0054 106L,30C,0.00458339,0.00611197,0.00523561,0.00109525,0.000233956,0.00139541,0.00617023,0.00697641,0.00697641,TOP-RIGHT,205L_0054 106L_30C
503L,A001 503L,52A,0.000762201,0.00330319,0.00676883,0.00163548,0.000121283,0.00144762,0.00561354,0.00272833,0.00676883,LEFT,503L_A001 503L_52A
506L,506L 606L,52A,0.000145857,0.00022832,0.00431592,0.00669397,0.00185342,0.00545081,0.00376021,0.000290101,0.00669397,BOT-LEFT,506L_506L 606L_52A
105L,0054 J120,30B,1.87949e-06,0.000537688,0.00316263,0.000860818,1.05248e-05,0.00176902,0.00657075,0.00120755,0.00657075,RIGHT,105L_0054 J120_30B
504L,504L 604L,52A,0.00106827,0.00654389,0.0036216,0.000175869,0.000815338,0.00591757,0.00329465,0.000245554,0.00654389,TOP-LEFT,504L_504L 604L_52A
307L,0288 J361,24B,0.00197941,0.000812663,0.00035496,0.00130437,0.0045922,0.00647748,0.00513216,0.00304111,0.00647748,BOT-RIGHT,307L_0288 J361_24B
206L,0053,J117,0.00222686,0.00392075,0.00642785,0.00479569,0.00311852,0.00478258,0.00642241,0.003913,0.00642785,LEFT,206L_0053_J117
501L,0002,402L,0.000950301,0.00402938,0.0064169,0.00167735,0.00050654,0.00243494,0.00577992,0.00274068,0.0064169,LEFT,501L_0002_402L
504L,A040 504L,52A,0.000405697,0.00273012,0.00639154,0.00136872,8.82005e-05,0.00174966,0.00624377,0.00234633,0.00639154,LEFT,504L_A040 504L_52A
0105,J172 J114,14A,0.000553068,0.00534166,0.00638861,0.000264163,5.57801e-07,0.000207348,0.00450147,0.00408261,0.00638861,LEFT,0105_J172 J114_14A
307L,0288 J330,18A,9.94402e-06,0.00046524,0.00264531,0.000814527,3.42598e-05,0.00186635,0.00638621,0.00119471,0.00638621,RIGHT,307L_0288 J330_18A
504L,604L J598,24B,0.00133453,0.00633161,0.0028102,0.000149236,0.00109439,0.00580362,0.00257369,0.000206311,0.00633161,TOP-LEFT,504L_604L J598_24B
305L,205L 206L,24A,0.00406212,0.00533051,0.00518347,0.00145745,0.000505924,0.0020362,0.00617107,0.00627875,0.00627875,TOP-RIGHT,305L_205L 206L_24A
507L,607L J575,24B,0.00616208,0.00357245,0.000428145,0.000945834,0.00458463,0.00421149,0.000759604,0.00160023,0.00616208,TOP,507L_607L J575_24B
201L,0023 102L,30C,0.00310642,0.00375981,0.00318193,0.00077587,0.000180928,0.00124735,0.00605876,0.00583538,0.00605876,RIGHT,201L_0023 102L_30C
403L,0587 302L,24A,0.00109982,0.00433377,0.00597176,0.00184977,0.000355698,0.000300606,0.000505935,0.000560566,0.00597176,LEFT,403L_0587 302L_24A
205L,0054,J116,0.00166629,0.00228076,0.00364997,0.00327301,0.00276469,0.00452133,0.00588455,0.00344828,0.00588455,RIGHT,205L_0054_J116
206L,0326 J212,12A,0.000212707,0.00170569,0.00418955,0.000987471,7.44977e-05,0.00152019,0.00586012,0.00217534,0.00586012,RIGHT,206L_0326 J212_12A
506L,606L J567,24B,0.000204703,0.000156995,0.00266121,0.00560623,0.00232627,0.00450888,0.00227696,0.000215825,0.00560623,BOT-LEFT,506L_606L J567_24B
0114,0111 J103,14A,3.45821e-05,1.50017e-08,8.90007e-07,5.57654e-07,2.88207e-06,0.000974884,0.00553124,0.00216578,0.00553124,RIGHT,0114_0111 J103_14A
307L,0325 J203,24B,0.00196578,0.00259716,0.00385986,0.00330851,0.00290232,0.0044742,0.00547611,0.00343282,0.00547611,RIGHT,307L_0325 J203_24B
206L,0326 J216,24B,0.00296248,0.00458378,0.00538663,0.0045307,0.00299728,0.0019663,0.00162565,0.00189924,0.00538663,LEFT,206L_0326 J216_24B
504L,A040,403L,0.00115143,0.00358587,0.0053834,0.00189963,0.000610198,0.0014643,0.00288731,0.0017818,0.0053834,LEFT,504L_A040_403L
404L,304L 404L,51A,0.00282776,0.00335978,0.00342122,0.00191347,0.00144414,0.00298145,0.00535863,0.00438815,0.00535863,RIGHT,404L_304L 404L_51A
508L,608L J578,18A,0.00108843,0.0037547,0.00531812,0.000978133,0.000117298,0.000949371,0.00265787,0.00166017,0.00531812,LEFT,508L_608L J578_18A
507L,507L 607L,52A,0.00510427,0.00331764,0.000549111,0.000783047,0.00343106,0.00393457,0.0010211,0.00154669,0.00510427,TOP,507L_507L 607L_52A
505L,A068,406L,0.00108753,0.00163389,0.00235877,0.0012768,0.000500188,0.00143625,0.00490566,0.0035567,0.00490566,RIGHT,505L_A068_406L
0099,0103 J186,14A,0.000296464,0.00123254,0.00312607,0.000865465,6.56597e-05,0.00135834,0.00462246,0.0016329,0.00462246,RIGHT,0099_0103 J186_14A
407L,0125 J369,24B,0.00111899,0.00301585,0.00460973,0.00255808,0.00139877,0.00150503,0.00159307,0.00106406,0.00460973,LEFT,407L_0125 J369_24B
303L,0586 303L,51K,0.00130086,0.000696971,0.000680133,0.000639094,0.000947092,0.0027022,0.00460929,0.00328421,0.00460929,RIGHT,303L_0586 303L_51K
301L,401L J300,24B,0.00234631,0.000840283,0.000219183,8.95859e-05,0.000386832,0.00202828,0.00457975,0.00457249,0.00457975,RIGHT,301L_401L J300_24B
0124,0124 202L,24B,2.77451e-08,5.1672e-05,0.000173926,0.000100306,0.000874856,0.0045729,0.00410661,0.000341769,0.0045729,BOT-RIGHT,0124_0124 202L_24B
207L,0325 308L,24A,0.0032265,0.00451575,0.00355478,0.00133744,0.000681186,0.00118866,0.00239355,0.00283809,0.00451575,TOP-LEFT,207L_0325 308L_24A
303L,0586 J328,18A,2.20562e-05,0.000335303,0.00122487,0.000274687,1.42587e-05,0.00107614,0.0044402,0.00116048,0.0044402,RIGHT,303L_0586 J328_18A
503L,603L J502,18A,3.97262e-05,0.00126831,0.00442753,0.00138636,5.17821e-05,0.00017088,0.00050025,0.000188405,0.00442753,LEFT,503L_603L J502_18A
0113,0074 J134,14A,2.9193e-05,0.00175471,0.00436054,0.000646587,1.70875e-06,6.92521e-08,2.85464e-07,3.2248e-07,0.00436054,LEFT,0113_0074 J134_14A
306L,0290 407L,24A,0.00131974,0.000864647,0.000703404,0.000669334,0.000957292,0.00231628,0.00435738,0.00313606,0.00435738,RIGHT,306L_0290 407L_24A
208L,0039 107L,30C,0.00225084,0.00195439,0.00156067,0.000556189,0.000268054,0.00116806,0.004132,0.00434989,0.00434989,TOP-RIGHT,208L_0039 107L_30C
106L,0053 J122,30B,2.64027e-06,0.000953367,0.00393163,0.000695524,5.36494e-07,2.43469e-05,0.000149554,4.63582e-05,0.00393163,LEFT,106L_0053 J122_30B
302L,0579 J300,24B,0.00231456,0.0038387,0.00369529,0.000990192,6.44109e-05,9.55052e-05,0.000965622,0.00180105,0.0038387,TOP-LEFT,302L_0579 J300_24B
207L,0052 106L,30C,0.0031699,0.00264127,0.00191544,0.00109198,0.000831001,0.00154734,0.00315847,0.00380087,0.00380087,TOP-RIGHT,207L_0052 106L_30C
307L,0288 306L,24B,2.88899e-05,0.000284151,0.00112325,0.000334231,1.08594e-05,0.000433283,0.00375124,0.00156341,0.00375124,RIGHT,307L_0288 306L_24B
206L,0326 305L,24A,0.000921943,0.000693024,0.000892781,0.000622668,0.000703741,0.00199939,0.00359241,0.00251912,0.00359241,RIGHT,206L_0326 305L_24A
204L,0036 103L,30C,0.00221971,0.00354484,0.00301678,0.000799999,0.000189697,0.000475566,0.00155525,0.00210889,0.00354484,TOP-LEFT,204L_0036 103L_30C
403L,0587 403L,51I,0.00184295,0.00267125,0.00315578,0.0015455,0.00081035,0.00166195,0.00349458,0.00282472,0.00349458,RIGHT,403L_0587 403L_51I
207L,0325 J203,24I,0.000820667,0.000551734,0.000729809,0.001364,0.002408,0.00324345,0.00294678,0.00174999,0.00324345,BOT-RIGHT,207L_0325 J203_24I
308L,208L J202,24B,0.00111247,0.00235,0.00323496,0.00203257,0.000982783,0.000757323,0.000745325,0.000761721,0.00323496,LEFT,308L_208L J202_24B
202L,0579 J254,24B,0.00186683,0.00113993,0.000910466,0.00109078,0.00169151,0.00260311,0.00320284,0.00282857,0.00320284,RIGHT,202L_0579 J254_24B
408L,308L J370,24B,0.00150183,0.00279423,0.00319573,0.00190688,0.00113581,0.000925295,0.000886666,0.000972735,0.00319573,LEFT,408L_308L J370_24B
207L,0052,J118,0.00104499,0.00184826,0.00301521,0.0021542,0.00137222,0.00221515,0.00309834,0.00187583,0.00309834,RIGHT,207L_0052_J118
102L,0025 J113,30B,1.06476e-07,9.72003e-06,7.21013e-05,2.55408e-05,2.22955e-06,0.00082247,0.00304323,0.000469713,0.00304323,RIGHT,102L_0025 J113_30B
507L,0142,J493,0.000397286,0.00179269,0.0030128,0.000642469,4.8755e-05,0.000613372,0.00228817,0.00110887,0.0030128,LEFT,507L_0142_J493
106L,0053 205L,30C,0.000623463,0.00120487,0.0014782,0.000307933,4.40788e-05,0.00056226,0.00300345,0.00211534,0.00300345,RIGHT,106L_0053 205L_30C
503L,603L 504L,18A,7.92757e-06,0.00032316,0.00186676,0.000954879,0.000180188,0.00152994,0.00292974,0.000441154,0.00292974,RIGHT,503L_603L 504L_18A
107L,0052 J123,30B,1.5351e-06,0.000568036,0.00284129,0.000601073,1.68007e-06,0.000178349,0.000859072,0.000183622,0.00284129,LEFT,107L_0052 J123_30B
0075,0158 J136,18A,0.00158106,0.00279528,0.00253551,0.000617416,7.08922e-05,0.000105226,0.000460216,0.00102377,0.00279528,TOP-LEFT,0075_0158 J136_18A
504L,604L 503L,18A,0.000825082,0.000901407,0.00113073,0.000372204,6.46168e-05,0.000534553,0.00277116,0.00228095,0.00277116,RIGHT,504L_604L 503L_18A
101L,0023 J100,24A,1.42656e-05,0.000510139,0.00129786,0.000128795,4.24743e-08,0.000295865,0.00276923,0.000991414,0.00276923,RIGHT,101L_0023 J100_24A
306L,0290 J350,12A,0.000279251,0.000880336,0.00222185,0.00116753,0.000310563,0.0014196,0.00269054,0.00096651,0.00269054,RIGHT,306L_0290 J350_12A
0102,0099 J100,14A,2.15122e-05,0.00111313,0.00267565,0.000309513,1.61687e-07,6.69837e-08,2.5005e-06,6.04077e-06,0.00267565,LEFT,0102_0099 J100_14A
303L,0586 J369,24I,0.000630446,0.000321634,0.00033593,0.000299072,0.000422111,0.00141721,0.00264135,0.0018029,0.00264135,RIGHT,303L_0586 J369_24I
0103,0099 J101,14A,2.93669e-05,0.00125776,0.0026173,0.000219179,6.26981e-07,4.02117e-06,6.77747e-05,5.99899e-05,0.0026173,LEFT,0103_0099 J101_14A
105L,0054 J131,24A,1.42069e-05,0.000957735,0.00256527,0.00025822,2.93153e-08,9.32504e-05,0.000987104,0.000411412,0.00256527,LEFT,105L_0054 J131_24A
306L,0326 207L,24A,0.00155227,0.00203454,0.00188771,0.000526521,0.000207105,0.000738757,0.00240817,0.00251668,0.00251668,TOP-RIGHT,306L_0326 207L_24A
502L,0077,403L,0.000552592,0.00125378,0.00175754,0.0006181,0.000301424,0.00107492,0.00251461,0.00152008,0.00251461,RIGHT,502L_0077_403L
202L,0579 J258,12A,0.000148199,0.00105082,0.00251334,0.000646492,4.63011e-05,0.000384146,0.00156955,0.000740268,0.00251334,LEFT,202L_0579 J258_12A
107L,0052 208L,30C,0.000377508,0.00163663,0.0024649,0.000393245,1.94387e-05,0.000218647,0.00123053,0.000905448,0.0024649,LEFT,107L_0052 208L_30C
304L,204L J202,24B,0.00134782,0.00121395,0.00113214,0.000830459,0.000806768,0.00148211,0.00242792,0.00207409,0.00242792,RIGHT,304L_204L J202_24B
302L,0579 203L,24A,0.00135869,0.00148001,0.00122243,0.00041662,0.000176325,0.000599587,0.00220279,0.00236179,0.00236179,TOP-RIGHT,302L_0579 203L_24A
203L,0586 304L,24A,0.00108486,0.000915964,0.000974388,0.000531995,0.000422216,0.00105029,0.00229204,0.00215157,0.00229204,RIGHT,203L_0586 304L_24A
404L,304L J370,24B,0.00201416,0.00182251,0.00118022,0.00067899,0.00065962,0.00114801,0.00202481,0.00229005,0.00229005,TOP-RIGHT,404L_304L J370_24B
106L,0053 207L,30C,0.000752883,0.00125041,0.00159332,0.000581649,0.000221561,0.00081852,0.00228833,0.00163159,0.00228833,RIGHT,106L_0053 207L_30C
306L,0290 J348,24B,0.0020481,0.0014062,0.00109962,0.0012481,0.00134189,0.00147701,0.00192494,0.0022694,0.0022694,TOP-RIGHT,306L_0290 J348_24B
0098,106L J122,14A,5.57589e-10,0.000160339,0.00224584,0.00120979,2.9498e-05,3.26255e-05,7.52251e-05,1.15949e-05,0.00224584,LEFT,0098_106L J122_14A
0587,0587 403L,51I,1.73311e-06,3.90946e-05,0.00029982,0.000284035,0.000114569,0.00141926,0.00224185,0.000161877,0.00224185,RIGHT,0587_0587 403L_51I
508L,0433,J483,0.000224319,0.000978245,0.00220716,0.00065965,6.16321e-05,0.000555892,0.00221029,0.00107186,0.00221029,RIGHT,508L_0433_J483
0578,0578 402L,24B,0.00219435,0.00193631,0.000883732,0.000111353,1.81623e-06,7.4652e-05,0.000903081,0.00185457,0.00219435,TOP,0578_0578 402L_24B
102L,0025 201L,30C,0.000502026,0.00155491,0.00214587,0.000375831,3.54768e-05,0.000284119,0.00126099,0.00100613,0.00214587,LEFT,102L_0025 201L_30C
106L,0053 J133,24B,6.85174e-07,1.75745e-05,0.000395716,0.00189534,0.00213755,0.000499831,1.30542e-05,2.24304e-08,0.00213755,BOT,106L_0053 J133_24B
203L,0586 J203,24I,0.000443346,0.00103109,0.00187436,0.00204571,0.00138629,0.000710196,0.000365929,0.000280329,0.00204571,BOT-LEFT,203L_0586 J203_24I
103L,0026 J114,30B,1.0808e-07,7.12356e-05,0.000550842,0.000178294,4.2449e-06,0.00060005,0.00202235,0.00027992,0.00202235,RIGHT,103L_0026 J114_30B
103L,0026 204L,30C,0.000302081,0.000785643,0.0011368,0.000216332,2.10695e-05,0.000350985,0.0019657,0.00125707,0.0019657,RIGHT,103L_0026 204L_30C
302L,0579 J308,12A,0.000318338,0.000783619,0.00122647,0.000431811,0.000107704,0.000609548,0.00191593,0.00114761,0.00191593,RIGHT,302L_0579 J308_12A
303L,0586 302L,24B,1.56827e-05,0.00018807,0.000353608,7.21254e-05,1.59242e-05,0.00063538,0.00190386,0.000327772,0.00190386,RIGHT,303L_0586 302L_24B
102L,0025 203L,30C,0.000512384,0.00120039,0.00178567,0.000647721,0.000165964,0.000454889,0.00129174,0.000908762,0.00178567,LEFT,102L_0025 203L_30C
108L,0039 J124,30B,1.08581e-06,0.000357223,0.00178206,0.00038695,1.73765e-06,0.000221927,0.000971893,0.000185986,0.00178206,LEFT,108L_0039 J124_30B
203L,0588 102L,30C,0.00158046,0.00171602,0.00125046,0.000547725,0.000292028,0.000409953,0.000823934,0.00128643,0.00171602,TOP-LEFT,203L_0588 102L_30C
0575,0575 402L,51I,5.91635e-06,5.03247e-05,0.000524441,0.000717303,0.000392249,0.00164614,0.00100385,1.45541e-05,0.00164614,BOT-RIGHT,0575_0575 402L_51I
302L,0579 403L,24A,0.000486882,0.000408219,0.00036574,0.000303778,0.000440419,0.00109113,0.00160881,0.000955241,0.00160881,RIGHT,302L_0579 403L_24A
104L,0036 J115,30B,1.08723e-06,0.000168057,0.000811836,0.000169435,1.06177e-06,0.000328037,0.00160582,0.000331716,0.00160582,RIGHT,104L_0036 J115_30B
705L,0178 605L,PE7,0.00109002,0.00026937,8.4962e-06,0.000358117,0.00159204,0.000408137,9.03653e-06,0.000238587,0.00159204,BOT,705L_0178 605L_PE7
704L,704L 804L,D8B,2.93901e-05,0.000313829,0.00045986,0.0002094,0.00108366,0.00155944,0.000556911,7.34974e-05,0.00155944,BOT-RIGHT,704L_704L 804L_D8B
0112,503L J502,12A,8.34632e-05,0.000558928,0.000916333,8.32173e-05,2.16659e-07,0.000139639,0.00154476,0.000897175,0.00154476,RIGHT,0112_503L J502_12A
208L,0039,J119,0.000251536,0.000829738,0.00154421,0.000918847,0.000333315,0.000267676,0.000279361,0.000206058,0.00154421,LEFT,208L_0039_J119
204L,0036,J119,0.000295252,0.000272678,0.000359739,0.000281495,0.000293153,0.000849139,0.00153478,0.00087979,0.00153478,RIGHT,204L_0036_J119
0097,0075 J131,14A,1.52051e-05,4.72757e-06,2.94486e-06,1.58262e-07,2.63448e-07,0.000187766,0.00148536,0.000629669,0.00148536,RIGHT,0097_0075 J131_14A
102L,0025 J102,24B,8.76131e-07,2.7357e-08,1.31463e-05,0.000408653,0.00146364,0.00112143,0.000233261,1.36263e-05,0.00146364,BOT,102L_0025 J102_24B
202L,0579 301L,24A,0.000584149,0.00122335,0.00143586,0.000666776,0.000312521,0.00047995,0.000733092,0.000575637,0.00143586,LEFT,202L_0579 301L_24A
0123,206L J208,14A,7.08987e-08,0.000191132,0.00142812,0.000921767,4.67786e-05,3.53058e-06,4.01243e-05,1.10466e-05,0.00142812,LEFT,0123_206L J208_14A
302L,0579 J310,24B,0.000908312,0.000851662,0.000840928,0.000857328,0.000982322,0.00122578,0.0013782,0.00117068,0.0013782,RIGHT,302L_0579 J310_24B
207L,0325 306L,24A,0.00062889,0.000773202,0.0011035,0.00121703,0.00123562,0.00135171,0.00120699,0.000843176,0.00135171,BOT-RIGHT,207L_0325 306L_24A
701L,0170 601L,PE7,0.000864033,0.000180696,8.04064e-06,0.000349666,0.00127596,0.000272713,7.19826e-06,0.00022895,0.00127596,BOT,701L_0170 601L_PE7
506L,A047,407L,0.000617268,0.000959652,0.00124697,0.000694956,0.000328902,0.000480243,0.00112142,0.00105557,0.00124697,LEFT,506L_A047_407L
207L,0325 J234,18A,3.4091e-06,6.97717e-05,0.000352491,0.000107912,5.90123e-06,0.000322748,0.00122092,0.000259295,0.00122092,RIGHT,207L_0325 J234_18A
0562,0562 J546,24H,0.00119207,0.000555122,0.00014438,7.28364e-05,8.12377e-05,0.000139284,0.000455382,0.00110115,0.00119207,TOP,0562_0562 J546_24H
107L,0052 J133,24B,0.000319848,0.00117525,0.000494426,1.47684e-06,7.24492e-06,1.04985e-06,0.000379887,0.00103356,0.00117525,TOP-LEFT,107L_0052 J133_24B
504L,A040,J483,0.000171559,0.000626848,0.00103986,0.000259888,4.33888e-05,0.000398906,0.0010566,0.000499176,0.0010566,RIGHT,504L_A040_J483
503L,A001,J493,0.000266912,0.000687897,0.00103562,0.000297201,4.45424e-05,0.00029282,0.000875208,0.000572693,0.00103562,LEFT,503L_A001_J493
502L,0077 J502,18A,5.52431e-06,7.79163e-05,0.00033641,0.000127145,6.64225e-05,0.000543365,0.0010152,0.000182367,0.0010152,RIGHT,502L_0077 J502_18A
406L,0139,J535,0.000207707,0.000191452,0.000259322,0.000704793,0.00101509,0.000630974,0.000235445,0.000178342,0.00101509,BOT,406L_0139_J535
503L,503L 603L,52A,0.000143016,0.000434749,0.000953502,0.000553604,0.000115654,9.05547e-05,0.000125049,0.000121607,0.000953502,LEFT,503L_503L 603L_52A
104L,0036 J104,24A,9.61686e-06,0.00041026,0.000944062,7.80704e-05,2.05184e-09,4.91928e-05,0.000633494,0.000293306,0.000944062,LEFT,104L_0036 J104_24A
0123,206L J212,12A,0.00014564,1.20042e-05,3.78037e-06,8.06716e-07,5.22633e-07,0.000115105,0.000940365,0.000883529,0.000940365,RIGHT,0123_206L J212_12A
203L,0586 302L,24A,0.000432444,0.000504459,0.000643713,0.00071712,0.000766517,0.00090921,0.000850294,0.000584783,0.00090921,BOT-RIGHT,203L_0586 302L_24A
103L,0026 J102,24B,0.000268059,0.000805752,0.000272024,7.56335e-07,7.31828e-06,8.36502e-07,0.000339647,0.000898575,0.000898575,TOP-RIGHT,103L_0026 J102_24B
402L,0077,J535,0.000234677,0.000188583,0.000254017,0.000700883,0.000897637,0.000441405,0.000152054,0.000170253,0.000897637,BOT,402L_0077_J535
0124,202L J258,12A,0.000146912,0.000784257,0.00083609,0.00011567,1.26722e-06,3.09939e-06,1.10852e-05,2.16089e-05,0.00083609,LEFT,0124_202L J258_12A
108L,0039 J135,24A,8.45675e-06,0.000319568,0.000740408,6.28739e-05,3.23594e-09,6.61868e-05,0.000784487,0.000337908,0.000784487,RIGHT,108L_0039 J135_24A
0109,0109 304L,24J,6.88032e-05,0.000113166,0.000511497,0.000224657,2.77987e-05,0.000170554,0.00075014,0.00052148,0.00075014,RIGHT,0109_0109 304L_24J
0108,0108 308L,24J,9.64783e-05,0.000626205,0.000687191,0.000148781,2.73101e-05,0.000200263,0.000410331,7.81859e-05,0.000687191,LEFT,0108_0108 308L_24J
202L,0579 203L,24B,4.9526e-07,4.15599e-05,0.000654502,0.000493848,4.48077e-05,0.000132718,6.43988e-05,5.15647e-07,0.000654502,LEFT,202L_0579 203L_24B
0103,102L J113,14A,5.94668e-10,3.94982e-05,0.000262269,9.13591e-05,1.13483e-05,0.000341226,0.000631383,4.31777e-05,0.000631383,RIGHT,0103_102L J113_14A
0586,0586 303L,51K,1.25907e-06,1.63906e-06,3.8623e-05,0.000131824,0.000126211,0.0005993,0.000439227,1.08419e-05,0.0005993,BOT-RIGHT,0586_0586 303L_51K
0124,202L J262,14A,5.99559e-09,4.01286e-06,1.48482e-05,1.52056e-05,0.000134929,0.000586501,0.00047498,3.78717e-05,0.000586501,BOT-RIGHT,0124_202L J262_14A
206L,0053 207L,24B,0.000108177,0.000443207,0.000476298,5.17148e-05,1.87108e-06,2.12709e-06,0.000320457,0.000565056,0.000565056,TOP-RIGHT,206L_0053 207L_24B
203L,0586 J236,18A,2.45822e-06,0.000135187,0.00055325,0.000131822,2.34918e-06,3.07926e-05,0.00011184,2.97358e-05,0.00055325,LEFT,203L_0586 J236_18A
0114,103L J114,14A,2.5579e-07,2.10745e-06,1.22774e-05,6.95943e-06,2.27215e-06,0.000138584,0.000510684,0.000103044,0.000510684,RIGHT,0114_103L J114_14A
502L,0077 J501,18A,2.61625e-05,6.25743e-05,8.51295e-05,1.6909e-05,2.04059e-06,4.40156e-05,0.00050274,0.000326736,0.00050274,RIGHT,502L_0077 J501_18A
506L,606L J569,18A,0.00012267,0.000199584,0.000377427,0.000103519,9.60675e-06,7.94053e-05,0.000488284,0.000438083,0.000488284,RIGHT,506L_606L J569_18A
102L,0025 J101,24A,4.15088e-05,7.4788e-05,0.00019564,0.000379464,0.000479084,0.000431245,0.000228945,8.18729e-05,0.000479084,BOT,102L_0025 J101_24A
501L,601L J505,12A,9.29517e-05,0.000359889,0.000461343,5.48263e-05,1.93596e-06,2.95175e-05,0.000249951,0.000226185,0.000461343,LEFT,501L_601L J505_12A
106L,0053 J132,24A,3.44175e-05,8.30223e-05,0.000249593,0.00045001,0.000435701,0.000303392,0.000148507,5.66415e-05,0.00045001,BOT-LEFT,106L_0053 J132_24A
302L,0579 303L,24B,7.11042e-05,0.000121884,0.000222758,6.9345e-05,5.12978e-06,3.48255e-05,0.000428073,0.000341034,0.000428073,RIGHT,302L_0579 303L_24B
0009,0009 908L,DL9,4.3538e-07,0.000103106,0.000416876,6.64073e-05,1.26563e-10,3.4446e-05,0.000232853,5.57303e-05,0.000416876,LEFT,0009_0009 908L_DL9
0579,0579 302L,51K,2.63036e-06,1.79827e-07,9.95398e-05,0.00039392,0.000229843,0.000367513,0.00010556,7.47792e-07,0.00039392,BOT-LEFT,0579_0579 302L_51K
0113,107L J123,14A,3.5614e-07,7.94268e-05,0.000362869,8.91035e-05,2.21695e-06,9.18831e-06,1.49585e-05,2.8416e-06,0.000362869,LEFT,0113_107L J123_14A
306L,0290 307L,24B,4.47764e-06,4.01898e-05,0.000318652,0.000311011,0.000185384,0.000321287,0.000356665,4.35194e-05,0.000356665,RIGHT,306L_0290 307L_24B
0008,0008 904L,DL9,3.27933e-07,5.08226e-05,0.000209777,3.08592e-05,6.4591e-11,4.94262e-05,0.000304433,7.33284e-05,0.000304433,RIGHT,0008_0008 904L_DL9
0097,105L J120,14A,1.742e-07,4.31718e-05,0.000247348,8.41454e-05,2.18648e-06,2.31338e-05,4.03552e-05,2.61433e-06,0.000247348,LEFT,0097_105L J120_14A
505L,605L J568,18A,8.88966e-05,5.28445e-05,7.1093e-05,2.17861e-05,2.09537e-06,2.68485e-05,0.000197946,0.000242968,0.000242968,TOP-RIGHT,505L_605L J568_18A
0008,904L 91ED,24S,7.79915e-05,0.000239861,0.000124937,2.16317e-06,3.69186e-07,1.29172e-06,2.37463e-05,7.24098e-05,0.000239861,TOP-LEFT,0008_904L 91ED_24S
502L,602L J510,12A,3.47134e-05,8.27074e-05,0.000170693,8.18942e-05,2.60303e-05,8.79699e-05,0.000237848,0.000122198,0.000237848,RIGHT,502L_602L J510_12A
0562,J546,405L,0.00022578,8.31255e-05,9.1102e-06,7.59015e-06,1.54647e-05,9.94211e-06,2.72142e-05,0.000141984,0.00022578,TOP,0562_J546_405L
507P,507P-607L,PI6,6.87485e-05,0.000189866,0.000224166,6.13362e-05,2.54086e-05,6.47929e-05,0.000168874,0.000129601,0.000224166,LEFT,507P_507P-607L_PI6
0592,0592 J369,24B,0.000194046,6.45013e-05,1.30925e-05,2.19261e-06,1.36915e-06,1.18688e-05,8.44236e-05,0.000223279,0.000223279,TOP-RIGHT,0592_0592 J369_24B
501L,601L J501,18A,0.000122835,0.000191491,0.000127707,1.5097e-05,2.43847e-06,4.98773e-05,0.000222547,0.000165838,0.000222547,RIGHT,501L_601L J501_18A
0009,908L 93FD,24B,5.95294e-07,6.06758e-05,0.000219953,3.39643e-05,6.60785e-11,1.90132e-05,0.000133616,3.53224e-05,0.000219953,LEFT,0009_908L 93FD_24B
107L,0052 J134,24A,5.67612e-06,5.92193e-05,0.000207003,0.00021586,8.91074e-05,4.01095e-05,2.35756e-05,5.73483e-06,0.00021586,BOT-LEFT,107L_0052 J134_24A
505L,605L J560,12A,6.93788e-05,0.000126856,0.000129025,1.98467e-05,1.95681e-06,2.86585e-05,0.000209887,0.000194069,0.000209887,RIGHT,505L_605L J560_12A
0111,0111 J115,30A,5.64626e-07,1.39071e-05,0.000207372,0.000159408,1.25675e-05,1.51436e-05,4.09097e-05,1.4805e-05,0.000207372,LEFT,0111_0111 J115_30A
0562,J524,401L,0.000184764,0.000114315,2.38882e-05,9.76082e-06,1.41478e-05,8.7108e-06,1.04788e-05,7.14768e-05,0.000184764,TOP,0562_J524_401L
0584,0584 J235,24B,0.00018134,0.0001436,4.75021e-05,8.11089e-06,1.25169e-06,2.47303e-06,1.63175e-05,7.90112e-05,0.00018134,TOP,0584_0584 J235_24B
207L,0052 206L,24B,5.56913e-07,4.78598e-06,5.00646e-05,0.000166384,0.00017857,8.39984e-05,2.59798e-05,4.78702e-06,0.00017857,BOT,207L_0052 206L_24B
506L,606L J565,12A,4.02878e-05,0.000111123,0.000178451,7.31999e-05,2.98713e-05,7.76229e-05,0.000139085,7.5267e-05,0.000178451,LEFT,506L_606L J565_12A
502P,502P-602L,PI6,8.82478e-06,3.43457e-05,0.000161249,8.3946e-05,8.75694e-06,3.66837e-05,0.000167123,8.77327e-05,0.000167123,RIGHT,502P_502P-602L_PI6
0100,0100 508L,16A,2.4754e-05,9.28655e-05,0.000163846,3.62261e-05,5.33922e-06,4.03332e-05,0.000132489,7.09776e-05,0.000163846,LEFT,0100_0100 508L_16A
0008,904L 92FD,24B,4.54275e-07,3.21925e-05,0.000119372,1.6784e-05,5.71134e-11,2.62531e-05,0.000163809,4.33615e-05,0.000163809,RIGHT,0008_904L 92FD_24B
203L,0586 202L,24B,0.000102122,0.000148737,4.80402e-05,2.75444e-06,4.01856e-07,2.54911e-06,5.26219e-06,2.06378e-05,0.000148737,TOP-LEFT,203L_0586 202L_24B
103L,0026 J103,24A,5.63484e-06,1.53827e-05,6.2981e-05,9.78429e-05,0.000107689,0.000144108,0.000118894,3.39909e-05,0.000144108,BOT-RIGHT,103L_0026 J103_24A
0074,0074 J124,30A,1.79016e-06,4.34373e-05,9.25899e-05,2.39942e-05,1.1955e-05,0.000115903,0.000141695,1.00221e-05,0.000141695,RIGHT,0074_0074 J124_30A
506L,606L J568,18A,2.09515e-06,9.53663e-06,3.5946e-05,3.59766e-05,2.59537e-05,0.000140458,0.000121672,8.00144e-06,0.000140458,BOT-RIGHT,506L_606L J568_18A
0098,0075 J132,14A,5.79492e-06,1.56735e-05,1.58286e-05,5.63665e-07,1.60238e-07,2.52191e-05,0.000131191,5.71709e-05,0.000131191,RIGHT,0098_0075 J132_14A
0102,101L J111,14A,1.19251e-07,7.02491e-06,0.000110987,5.77565e-05,2.18445e-06,5.09605e-05,0.000129969,2.04216e-05,0.000129969,RIGHT,0102_101L J111_14A
106P,106P-206P,PI2,6.09106e-08,2.78935e-05,0.000127495,2.41799e-05,3.5054e-08,8.65712e-07,4.0114e-06,9.38158e-07,0.000127495,LEFT,106P_106P-206P_PI2
0593,0593 J203,24B,0.000123111,8.00019e-05,1.90468e-05,1.71064e-06,2.33181e-07,1.43014e-06,1.27949e-05,6.55173e-05,0.000123111,TOP,0593_0593 J203_24B
801L,0508-801L,D8D,6.19831e-05,7.74199e-05,6.77376e-05,2.37423e-05,1.05654e-05,3.10936e-05,8.32308e-05,8.40886e-05,8.40886e-05,TOP-RIGHT,801L_0508-801L_D8D
0106,0106 208L,24J,1.85253e-05,8.16317e-05,4.31664e-05,4.42167e-06,2.13864e-06,1.81356e-05,2.16469e-05,3.23047e-06,8.16317e-05,TOP-LEFT,0106_0106 208L_24J
102P,102P-202P,PI2,1.81619e-08,4.30112e-07,2.15544e-06,5.50542e-07,3.80905e-08,1.64024e-05,7.61592e-05,1.4627e-05,7.61592e-05,RIGHT,102P_102P-202P_PI2
0105,0105 103L,20A,2.01584e-05,6.1748e-05,7.03786e-05,1.94981e-05,2.08419e-06,8.1296e-07,1.89949e-06,5.94465e-06,7.03786e-05,LEFT,0105_0105 103L_20A
0108,308L 307L,24B,1.46341e-05,6.77209e-05,5.20054e-05,9.73498e-06,4.65098e-06,2.61222e-05,2.77284e-05,6.52434e-06,6.77209e-05,TOP-LEFT,0108_308L 307L_24B
0007,0007 901L,DL9,3.44854e-06,2.59177e-05,4.49415e-05,4.1951e-06,9.53851e-10,4.45416e-06,5.89227e-05,3.55071e-05,5.89227e-05,RIGHT,0007_0007 901L_DL9
0107,0107 204L,24J,1.01335e-05,7.42234e-06,4.46622e-05,3.72743e-05,2.98019e-06,3.10854e-06,4.65979e-05,5.86117e-05,5.86117e-05,TOP-RIGHT,0107_0107 204L_24J
0109,304L 303L,24B,1.0002e-05,8.89836e-06,3.51621e-05,2.56928e-05,4.39991e-06,1.07702e-05,5.59152e-05,5.25743e-05,5.59152e-05,RIGHT,0109_304L 303L_24B
0010,0010 905L,DL9,4.59625e-06,3.61462e-05,5.52486e-05,3.87811e-06,1.28616e-09,3.0603e-06,4.0402e-05,2.71702e-05,5.52486e-05,LEFT,0010_0010 905L_DL9
94ED,0009-94ED,24S,6.14096e-06,3.03555e-06,1.52558e-06,2.87717e-07,3.32484e-07,9.60272e-06,5.06963e-05,3.33885e-05,5.06963e-05,RIGHT,94ED_0009-94ED_24S
0104,0104 107L,20A,2.18151e-05,9.03889e-06,3.2612e-06,9.74144e-07,1.41138e-06,1.20449e-05,4.70366e-05,4.91058e-05,4.91058e-05,TOP-RIGHT,0104_0104 107L_20A
0585,0585,202L,2.88783e-05,6.5288e-06,2.72454e-06,1.75163e-06,4.24903e-08,3.27003e-07,1.61091e-05,4.70414e-05,4.70414e-05,TOP-RIGHT,0585_0585_202L
0588,0588 203L,51M,2.30868e-07,1.05484e-07,3.66022e-07,3.6175e-06,8.67775e-06,4.54201e-05,2.44668e-05,2.34264e-07,4.54201e-05,BOT-RIGHT,0588_0588 203L_51M
0009,908L 94ED,24S,1.60217e-05,2.56571e-05,2.1429e-05,4.43366e-06,1.50777e-06,3.74191e-06,2.82768e-05,3.91836e-05,3.91836e-05,TOP-RIGHT,0009_908L 94ED_24S
0580,0580 202L,51M,3.93799e-07,1.2765e-08,4.19479e-06,2.36747e-05,1.94728e-05,3.90968e-05,9.93723e-06,2.04602e-08,3.90968e-05,BOT-RIGHT,0580_0580 202L_51M
0115,0116 J571,10A,2.81446e-05,3.70788e-05,2.24264e-05,4.49403e-06,3.05113e-06,1.10052e-05,2.47504e-05,2.80706e-05,3.70788e-05,TOP-LEFT,0115_0116 J571_10A
0129,0129 J206,12A,4.97604e-09,5.02595e-06,3.58099e-05,9.12583e-06,1.3872e-08,2.15643e-06,1.40385e-05,3.87671e-06,3.58099e-05,LEFT,0129_0129 J206_12A
0010,905L 94BD,24S,9.09433e-06,3.57204e-05,2.71746e-05,1.01177e-06,3.4316e-08,6.59381e-07,9.52588e-06,1.35756e-05,3.57204e-05,TOP-LEFT,0010_905L 94BD_24S
0100,508L J582,10A,2.72911e-05,3.34067e-05,2.89054e-05,1.4288e-05,1.19226e-05,1.61361e-05,2.42253e-05,2.8085e-05,3.34067e-05,TOP-LEFT,0100_508L J582_10A
0101,0100 J584,10A,3.29893e-05,3.05001e-05,5.65429e-06,1.97983e-06,6.37069e-06,5.38307e-06,1.62573e-06,5.93856e-06,3.29893e-05,TOP,0101_0100 J584_10A
0578,J329 302L,24B,3.06907e-05,1.23901e-05,1.63644e-06,1.47438e-07,5.6475e-08,3.70123e-07,4.32517e-06,2.11763e-05,3.06907e-05,TOP,0578_J329 302L_24B
004P,004P-104P,PE1,1.08406e-06,1.53816e-06,4.59299e-06,5.66104e-06,6.95753e-06,2.14791e-05,2.96694e-05,8.28897e-06,2.96694e-05,RIGHT,004P_004P-104P_PE1
0116,0110 J573,10A,9.29422e-06,6.44691e-07,4.12831e-06,1.05593e-05,2.29392e-06,4.72103e-07,1.01019e-05,2.8916e-05,2.8916e-05,TOP-RIGHT,0116_0110 J573_10A
0007,901L 91BD,24S,7.1708e-06,2.80047e-05,2.13032e-05,7.30929e-07,4.16688e-08,8.06246e-07,6.49669e-06,9.59541e-06,2.80047e-05,TOP-LEFT,0007_901L 91BD_24S
0007,901L 92AD,24B,5.3368e-06,1.77852e-05,2.0927e-05,2.33883e-06,2.86122e-08,1.82658e-06,2.77679e-05,2.49298e-05,2.77679e-05,RIGHT,0007_901L 92AD_24B
006P,006P-106P,PI1,1.08018e-06,1.05643e-05,1.30497e-05,3.9217e-06,4.00631e-06,2.58323e-05,2.01678e-05,9.42655e-07,2.58323e-05,BOT-RIGHT,006P_006P-106P_PI1
0010,905L 93AD,24B,7.13921e-06,2.54576e-05,2.49986e-05,1.53102e-06,3.90353e-08,1.58272e-06,1.82241e-05,1.90722e-05,2.54576e-05,TOP-LEFT,0010_905L 93AD_24B
0103,0103 102L,20B,5.98918e-06,1.85623e-05,2.09489e-05,4.28816e-06,2.93591e-07,2.51777e-07,1.0683e-06,2.62243e-06,2.09489e-05,LEFT,0103_0103 102L_20B
0025,102L J107,6A,8.61029e-07,6.67655e-07,1.21194e-06,1.0449e-06,1.3947e-06,6.62917e-06,1.31231e-05,5.43585e-06,1.31231e-05,RIGHT,0025_102L J107_6A
0592,J369 303L,24B,1.24613e-05,4.04521e-06,5.33476e-07,4.38737e-08,9.00723e-09,1.87688e-07,3.36351e-06,1.25927e-05,1.25927e-05,TOP-RIGHT,0592_J369 303L_24B
0053,106L J127,6A,6.5052e-07,4.80808e-06,1.21972e-05,5.56765e-06,9.66127e-07,6.30952e-07,7.15814e-07,4.5385e-07,1.21972e-05,LEFT,0053_106L J127_6A
0584,J235 202L,24B,1.09022e-05,8.01591e-06,1.93043e-06,1.35391e-07,3.94775e-09,3.47138e-08,6.79758e-07,4.67711e-06,1.09022e-05,TOP,0584_J235 202L_24B
0189,0189-0188,D8A,6.11483e-07,3.65767e-08,2.22829e-06,1.07527e-05,5.12857e-06,3.0172e-07,2.62414e-07,1.47593e-06,1.07527e-05,BOT-LEFT,0189_0189-0188_D8A
0106,208L 207L,24B,3.37789e-06,1.05212e-05,3.30996e-06,2.00101e-07,5.45556e-07,3.14911e-06,1.4279e-06,2.64724e-07,1.05212e-05,TOP-LEFT,0106_208L 207L_24B
106L,0053 J127,14A,1.04699e-07,3.14327e-06,1.03552e-05,1.81455e-06,2.02461e-08,1.9471e-06,1.0013e-05,2.84294e-06,1.03552e-05,LEFT,106L_0053 J127_14A
102L,0025 J107,14A,9.46784e-08,1.46183e-06,5.0843e-06,9.08477e-07,4.87976e-09,1.44221e-06,1.01051e-05,3.46489e-06,1.01051e-05,RIGHT,102L_0025 J107_14A
0137,0137 807L,DL8,7.99521e-10,8.3523e-07,9.5874e-06,8.04963e-06,2.20366e-06,8.44383e-06,9.27079e-06,5.99227e-07,9.5874e-06,LEFT,0137_0137 807L_DL8
0135,0135 J301,12A,2.09146e-09,1.08832e-06,9.35442e-06,4.77249e-06,2.45912e-07,1.29654e-06,5.6615e-06,1.08788e-06,9.35442e-06,LEFT,0135_0135 J301_12A
0593,J203 203L,24B,8.42192e-06,4.98708e-06,7.68686e-07,1.94358e-08,3.48002e-10,1.73276e-08,5.28982e-07,4.09727e-06,8.42192e-06,TOP,0593_J203 203L_24B
0594,0594,J118,5.42598e-06,2.6627e-06,1.8473e-06,2.27701e-07,1.18877e-08,7.77645e-07,4.67335e-06,7.87941e-06,7.87941e-06,TOP-RIGHT,0594_0594_J118
0107,204L 203L,24B,1.88606e-06,4.65371e-07,3.18479e-06,4.92227e-06,6.48746e-07,1.18723e-07,3.34341e-06,7.78359e-06,7.78359e-06,TOP-RIGHT,0107_204L 203L_24B
0135,J356 J359,12A,3.41575e-08,1.56624e-06,7.45704e-06,1.69366e-06,5.66698e-09,5.96379e-07,3.77727e-06,1.10591e-06,7.45704e-06,LEFT,0135_J356 J359_12A
104P,104P-204P,PE2,4.77838e-08,1.49401e-06,5.88188e-06,1.2312e-06,1.25875e-08,1.06141e-06,6.39979e-06,1.9933e-06,6.39979e-06,RIGHT,104P_104P-204P_PE2
0097,0097 105L,18A,5.46581e-07,2.4265e-06,3.7029e-06,9.34025e-07,5.60486e-08,2.84498e-08,9.68181e-08,1.9949e-07,3.7029e-06,LEFT,0097_0097 105L_18A
0102,0102 101L,18A,6.66268e-07,2.66789e-07,1.12516e-07,2.54345e-08,3.77665e-08,6.81834e-07,2.96941e-06,2.36334e-06,2.96941e-06,RIGHT,0102_0102 101L_18A
0585,J117 102L,30B,1.49462e-06,2.29525e-07,4.62991e-08,4.86493e-09,9.45008e-13,6.69101e-08,1.17467e-06,2.83163e-06,2.83163e-06,TOP-RIGHT,0585_J117 102L_30B
001P,001P-101P,PE1,1.0123e-07,1.46321e-07,3.57224e-07,2.91699e-07,2.86817e-07,1.3973e-06,2.68503e-06,8.55316e-07,2.68503e-06,RIGHT,001P_001P-101P_PE1
0122,0122 806L,DL8,1.95912e-08,2.43618e-07,2.36771e-06,1.7751e-06,2.32909e-07,4.53696e-07,9.1238e-07,2.9058e-07,2.36771e-06,LEFT,0122_0122 806L_DL8
0129,J206 J204,12A,2.97436e-10,1.99629e-07,1.51525e-06,4.59608e-07,1.61713e-09,7.14686e-08,5.41643e-07,1.60949e-07,1.51525e-06,LEFT,0129_J206 J204_12A
108L,0039 J130,14A,5.62936e-09,2.40538e-07,9.92497e-07,2.31346e-07,5.46291e-09,2.58279e-07,1.09502e-06,2.58498e-07,1.09502e-06,RIGHT,108L_0039 J130_14A
104L,0036 J110,14A,3.13105e-09,1.21833e-07,5.35967e-07,1.30858e-07,3.34666e-09,1.66485e-07,7.18685e-07,1.70639e-07,7.18685e-07,RIGHT,104L_0036 J110_14A
0594,J118 103L,30B,4.81114e-07,2.42491e-07,1.21498e-07,9.73742e-09,2.11029e-12,2.77783e-08,3.28328e-07,6.56979e-07,6.56979e-07,TOP-RIGHT,0594_J118 103L_30B
0138,0138 808L,DL8,2.27309e-07,6.16266e-07,5.20084e-07,2.64252e-08,1.94047e-11,5.07407e-08,5.29473e-07,5.0675e-07,6.16266e-07,TOP-LEFT,0138_0138 808L_DL8
0135,J301 J302,12A,3.79371e-10,4.23236e-08,4.66805e-07,3.16138e-07,3.8831e-08,9.05362e-08,2.7331e-07,6.04101e-08,4.66805e-07,LEFT,0135_J301 J302_12A
0129,J208 J262,12A,6.13299e-09,4.57861e-08,2.18416e-07,7.64687e-08,6.36981e-10,4.38262e-09,6.7683e-08,4.85708e-08,2.18416e-07,LEFT,0129_J208 J262_12A
0005,0005 91CD,16A,7.35597e-08,4.91026e-09,7.53342e-10,4.49093e-08,7.22072e-08,5.58261e-09,9.01174e-10,4.7691e-08,7.35597e-08,TOP,0005_0005 91CD_16A
0036,104L J110,6A,2.62303e-09,1.90127e-08,3.91143e-08,1.01052e-08,7.4932e-10,1.77239e-09,5.00837e-09,3.11269e-09,3.91143e-08,LEFT,0036_104L J110_6A
0039,108L J130,6A,1.90843e-09,2.93618e-09,5.39298e-09,1.84337e-09,5.12889e-10,6.10478e-09,2.49465e-08,1.2857e-08,2.49465e-08,RIGHT,0039_108L J130_6A
